filename,mean_brightness,contrast,median_intensity,dark_pixel_ratio,bright_pixel_ratio,edge_count,edge_density,label
IMG_20180513_164959951_HDR resized_448.jpg,122.26397705078125,33.070752030262774,121.0,0.0948486328125,0.049560546875,6009,0.36676025390625,1
IMG_20180513_165129852_HDR resized_448.jpg,131.565185546875,25.482183935253737,133.0,0.0283203125,0.024658203125,5915,0.36102294921875,1
IMG_20180513_165150613_HDR resized_448.jpg,121.07635498046875,31.13048971879179,120.0,0.08099365234375,0.04296875,5695,0.34759521484375,1
IMG_20180513_165345878_HDR resized_448.jpg,130.30914306640625,27.28267642673459,131.0,0.034912109375,0.0279541015625,6078,0.3709716796875,1
IMG_20180513_165349788_HDR resized_448.jpg,130.9932861328125,27.63956203513905,132.0,0.03546142578125,0.030517578125,5919,0.36126708984375,1
IMG_20180513_165353081_HDR resized_448.jpg,136.0408935546875,28.33828696977373,138.0,0.03424072265625,0.039306640625,5923,0.36151123046875,1
IMG_20180513_165451567_HDR resized_448.jpg,129.529052734375,24.374679699040414,132.0,0.02984619140625,0.01409912109375,5895,0.35980224609375,1
IMG_20180513_165455803_HDR resized_448.jpg,123.3048095703125,23.995655659721166,125.0,0.04248046875,0.01019287109375,5778,0.3526611328125,1
IMG_20180513_165500303_HDR resized_448.jpg,125.0224609375,22.25990021576156,127.0,0.03192138671875,0.0078125,5679,0.34661865234375,1
IMG_20180513_165512488_HDR resized_448.jpg,128.8834228515625,30.737259708338303,131.0,0.06658935546875,0.03350830078125,5952,0.36328125,1
IMG_20180513_165515651_HDR resized_448.jpg,125.1038818359375,26.79512019709302,126.0,0.052001953125,0.01995849609375,5857,0.35748291015625,1
IMG_20180513_165521775_HDR resized_448.jpg,125.27789306640625,24.893265505623948,126.0,0.04052734375,0.01470947265625,5731,0.34979248046875,1
IMG_20180513_165533492_HDR resized_448.jpg,126.513916015625,24.69688659956345,128.0,0.0379638671875,0.0111083984375,5864,0.35791015625,1
IMG_20180513_165538350_HDR resized_448.jpg,122.79595947265625,27.450102205921656,123.0,0.05743408203125,0.01904296875,5822,0.3553466796875,1
IMG_20180513_165547907_HDR resized_448.jpg,120.2645263671875,23.285074065558877,119.0,0.029296875,0.0107421875,5275,0.32196044921875,1
IMG_20180513_165706718_HDR resized_448.jpg,129.256103515625,27.408242459874813,130.0,0.04229736328125,0.0224609375,6010,0.3668212890625,1
IMG_20180513_165710583_HDR resized_448.jpg,130.12176513671875,29.300120735364704,132.0,0.05450439453125,0.0283203125,5937,0.36236572265625,1
IMG_20180513_165717627_HDR resized_448.jpg,123.40814208984375,25.3580798077931,123.0,0.037109375,0.02117919921875,5563,0.33953857421875,1
IMG_20180513_165733359_HDR resized_448.jpg,126.1427001953125,25.068512525636773,126.0,0.03497314453125,0.0147705078125,5867,0.35809326171875,1
IMG_20180513_165741688_HDR resized_448.jpg,124.78314208984375,24.502461840007452,125.0,0.032958984375,0.01373291015625,5697,0.34771728515625,1
IMG_20180513_165749116_HDR resized_448.jpg,128.03338623046875,24.32664316112113,129.0,0.02880859375,0.01129150390625,5636,0.343994140625,1
IMG_20180513_170350654_HDR resized_448.jpg,129.48095703125,21.111378713704752,132.0,0.0208740234375,0.0059814453125,5625,0.34332275390625,1
IMG_20180513_170357440_HDR resized_448.jpg,130.8656005859375,19.028292906567437,133.0,0.015625,0.00390625,5057,0.30865478515625,1
IMG_20180513_170406108_HDR resized_448.jpg,125.5467529296875,21.449059308469757,127.0,0.02313232421875,0.0111083984375,4970,0.3033447265625,1
IMG_20180513_170430826_HDR resized_448.jpg,126.304931640625,18.512342406676844,126.0,0.00811767578125,0.00543212890625,5421,0.33087158203125,1
IMG_20180513_170453882_HDR resized_448.jpg,115.20892333984375,19.822235284714985,115.0,0.033203125,0.00384521484375,5345,0.32623291015625,1
IMG_20180513_170500983_HDR resized_448.jpg,113.00732421875,18.738868963405842,113.0,0.03558349609375,0.0020751953125,5366,0.3275146484375,1
IMG_20180513_170515937_HDR resized_448.jpg,116.24615478515625,20.33233145154137,117.0,0.0357666015625,0.00341796875,5608,0.34228515625,1
IMG_20180513_170526931_HDR resized_448.jpg,116.20843505859375,21.025310259912164,116.0,0.0361328125,0.00885009765625,5234,0.3194580078125,1
IMG_20180513_170535927_HDR resized_448.jpg,111.67742919921875,19.98989950839741,111.0,0.0465087890625,0.0048828125,5289,0.32281494140625,1
IMG_20180513_170700279_HDR resized_448.jpg,118.09112548828125,22.11101052592162,118.0,0.041259765625,0.0086669921875,5648,0.3447265625,1
IMG_20180513_170710091_HDR resized_448.jpg,119.27618408203125,26.721654706679164,120.0,0.06982421875,0.0133056640625,6143,0.37493896484375,1
IMG_20180513_170718753_HDR resized_448.jpg,119.85540771484375,27.677872088095565,121.0,0.080810546875,0.010498046875,6127,0.37396240234375,1
IMG_20180513_170728853_HDR resized_448.jpg,119.811279296875,24.18453540302717,120.0,0.05096435546875,0.0078125,5719,0.34906005859375,1
IMG_20180513_170746398_HDR resized_448.jpg,124.057373046875,25.180076630438247,125.0,0.04315185546875,0.01226806640625,5867,0.35809326171875,1
IMG_20180513_170844630_HDR resized_448.jpg,110.3853759765625,39.305803794340456,110.0,0.25494384765625,0.035888671875,6229,0.38018798828125,1
IMG_20180514_164920326_HDR resized_448.jpg,117.60308837890625,26.07613304504733,117.0,0.0660400390625,0.01287841796875,6012,0.366943359375,1
IMG_20180514_164936208_HDR resized_448.jpg,125.0208740234375,31.06756401782586,125.0,0.0712890625,0.0323486328125,6135,0.37445068359375,1
IMG_20180514_164944000_HDR resized_448.jpg,132.68572998046875,33.436739571951094,137.0,0.07916259765625,0.0478515625,5732,0.349853515625,1
IMG_20180514_164949995_HDR resized_448.jpg,126.59552001953125,30.878001213382987,128.0,0.07171630859375,0.03021240234375,5694,0.3475341796875,1
IMG_20180514_164955695_HDR resized_448.jpg,122.770751953125,36.36593373941131,125.0,0.12420654296875,0.04632568359375,5970,0.3643798828125,1
IMG_20180514_165008040_HDR resized_448.jpg,113.3114013671875,28.569748753479637,113.0,0.104248046875,0.01544189453125,5737,0.35015869140625,1
IMG_20180514_165031728_HDR resized_448.jpg,117.5057373046875,30.58632509003039,116.0,0.09796142578125,0.02386474609375,6102,0.3724365234375,1
IMG_20180514_165039112_HDR resized_448.jpg,114.60955810546875,30.48374965641983,112.0,0.10528564453125,0.02777099609375,6101,0.37237548828125,1
IMG_20180514_165050302_HDR resized_448.jpg,126.083251953125,34.03436736426488,127.0,0.08563232421875,0.04888916015625,6140,0.374755859375,1
IMG_20180514_165115894_HDR resized_448.jpg,118.664306640625,34.400792602034024,117.0,0.11236572265625,0.0401611328125,6073,0.37066650390625,1
IMG_20180514_165152754_HDR resized_448.jpg,122.73553466796875,29.7593569841098,122.0,0.0601806640625,0.03326416015625,5944,0.36279296875,1
IMG_20180514_165211442_HDR resized_448.jpg,126.119873046875,35.84666898510422,126.0,0.0936279296875,0.06683349609375,6107,0.37274169921875,1
IMG_20180514_165217078_HDR resized_448.jpg,124.94720458984375,33.697562464704106,125.0,0.08197021484375,0.0517578125,6076,0.370849609375,1
IMG_20180514_165228668_HDR resized_448.jpg,136.689208984375,32.36285615870908,137.0,0.0408935546875,0.07769775390625,6097,0.37213134765625,1
IMG_20180514_165245540_HDR resized_448.jpg,131.894775390625,31.691319913498504,132.0,0.0457763671875,0.0621337890625,6109,0.37286376953125,1
IMG_20180514_165251954_HDR resized_448.jpg,130.47369384765625,29.123483419776107,130.0,0.04095458984375,0.0450439453125,6062,0.3699951171875,1
IMG_20180514_165259100 resized_448.jpg,136.73162841796875,30.717552838361843,136.0,0.03802490234375,0.079345703125,6150,0.3753662109375,1
IMG_20180514_165302026_HDR resized_448.jpg,130.055908203125,30.434685272435434,129.0,0.04864501953125,0.05596923828125,6116,0.373291015625,1
IMG_20180514_165307482_HDR resized_448.jpg,128.0596923828125,29.38994759823921,127.0,0.044921875,0.04827880859375,6115,0.37322998046875,1
IMG_20180514_165340357_HDR resized_448.jpg,130.273681640625,30.518335864616247,129.0,0.04754638671875,0.05487060546875,5971,0.36444091796875,1
IMG_20180514_165358823_HDR resized_448.jpg,131.06744384765625,36.88379171755708,129.0,0.06884765625,0.09722900390625,6306,0.3848876953125,1
IMG_20180514_165411841_HDR resized_448.jpg,129.587646484375,38.20836663591368,128.0,0.08404541015625,0.098388671875,6250,0.3814697265625,1
IMG_20180514_165427375_HDR resized_448.jpg,134.2879638671875,32.45686119343558,134.0,0.04925537109375,0.07891845703125,6166,0.3763427734375,1
IMG_20180514_165444055_HDR resized_448.jpg,133.79315185546875,29.264659362028677,134.0,0.03826904296875,0.05645751953125,6225,0.37994384765625,1
IMG_20180514_165457873_HDR resized_448.jpg,132.8717041015625,34.623547748853404,132.0,0.05914306640625,0.08636474609375,6246,0.3812255859375,1
IMG_20180514_165505511_HDR resized_448.jpg,131.81982421875,36.055138744039155,132.0,0.0775146484375,0.08819580078125,6199,0.37835693359375,1
IMG_20180514_165529728_HDR resized_448.jpg,125.64752197265625,29.9189328671363,123.0,0.0443115234375,0.0491943359375,6116,0.373291015625,1
IMG_20180514_165535720_HDR resized_448.jpg,126.17352294921875,28.352938829588297,123.0,0.0333251953125,0.0460205078125,6204,0.378662109375,1
IMG_20180514_165710828_HDR resized_448.jpg,132.57537841796875,34.974407240782575,132.0,0.06103515625,0.0872802734375,6229,0.38018798828125,1
IMG_20180514_165717791_HDR resized_448.jpg,138.54608154296875,33.49383324955819,139.0,0.04180908203125,0.0980224609375,6222,0.3797607421875,1
IMG_20180514_165724162_HDR resized_448.jpg,136.7159423828125,35.055116685034264,137.0,0.05364990234375,0.1007080078125,6294,0.3841552734375,1
IMG_20180514_165731332_HDR resized_448.jpg,140.64239501953125,38.29739598312267,141.0,0.05462646484375,0.13861083984375,6297,0.38433837890625,1
IMG_20180514_165740460_HDR resized_448.jpg,128.74151611328125,32.44076099104278,127.0,0.0533447265625,0.06768798828125,6149,0.37530517578125,1
IMG_20180514_165746314_HDR resized_448.jpg,138.76629638671875,35.85029002977236,138.0,0.04681396484375,0.1190185546875,6241,0.38092041015625,1
IMG_20180514_165751038_HDR resized_448.jpg,139.41943359375,34.66394862460849,140.0,0.048828125,0.108642578125,6138,0.3746337890625,1
IMG_20180514_165757436_HDR resized_448.jpg,140.75738525390625,34.6206586134792,140.0,0.04058837890625,0.1207275390625,6202,0.3785400390625,1
IMG_20180514_165811955_HDR resized_448.jpg,135.58905029296875,37.590897384061904,136.0,0.0704345703125,0.11358642578125,6327,0.38616943359375,1
IMG_20180514_165823466_HDR resized_448.jpg,141.99407958984375,40.18096912582062,143.0,0.06622314453125,0.15606689453125,6307,0.38494873046875,1
IMG_20180514_165831579_HDR resized_448.jpg,138.5074462890625,33.92279900316348,141.0,0.05517578125,0.094970703125,6231,0.38031005859375,1
IMG_20180514_165837194_HDR resized_448.jpg,140.58331298828125,35.27569663115345,143.0,0.05731201171875,0.1104736328125,6242,0.3809814453125,1
IMG_20180514_165847101_HDR resized_448.jpg,139.775146484375,35.247054294001984,142.0,0.057373046875,0.1041259765625,6187,0.37762451171875,1
IMG_20180514_170008541_HDR resized_448.jpg,143.5860595703125,34.935750054010505,143.0,0.0401611328125,0.12628173828125,6233,0.38043212890625,1
IMG_20180514_170015428_HDR resized_448.jpg,140.62078857421875,38.013758495116285,143.0,0.0653076171875,0.12652587890625,6184,0.37744140625,1
IMG_20180514_170026184_HDR resized_448.jpg,131.8349609375,31.51599270668047,130.0,0.04022216796875,0.0675048828125,6091,0.37176513671875,1
IMG_20180514_170032562_HDR resized_448.jpg,123.68072509765625,32.62825212122084,120.0,0.06085205078125,0.06170654296875,6139,0.37469482421875,1
IMG_20180514_170039467_HDR resized_448.jpg,123.0447998046875,31.699710569720704,119.0,0.05426025390625,0.05255126953125,6188,0.377685546875,1
IMG_20180514_170051550_HDR resized_448.jpg,145.8021240234375,35.86656763895121,145.0,0.041259765625,0.1461181640625,6077,0.37091064453125,1
IMG_20180514_170055705_HDR resized_448.jpg,136.39544677734375,31.652429222018366,134.0,0.0352783203125,0.0885009765625,6181,0.37725830078125,1
IMG_20180514_170100812_HDR resized_448.jpg,136.7574462890625,32.15986003366324,136.0,0.04229736328125,0.0880126953125,6095,0.37200927734375,1
IMG_20180514_170105907_HDR resized_448.jpg,130.45513916015625,32.80778893569023,128.0,0.05377197265625,0.0755615234375,6127,0.37396240234375,1
IMG_20180514_170122537_HDR resized_448.jpg,134.38861083984375,33.805115148871145,132.0,0.04840087890625,0.09564208984375,6197,0.37823486328125,1
IMG_20180514_170137161_HDR resized_448.jpg,123.65399169921875,34.515854421967404,121.0,0.08282470703125,0.06317138671875,6223,0.37982177734375,1
IMG_20180514_170144972_HDR resized_448.jpg,120.663818359375,30.78499373601336,116.0,0.05657958984375,0.04931640625,6161,0.37603759765625,1
IMG_20180514_170158322_HDR resized_448.jpg,130.06597900390625,35.123162968998464,128.0,0.0626220703125,0.083740234375,6280,0.38330078125,1
IMG_20180514_170217038_HDR resized_448.jpg,121.910400390625,29.056088073527075,117.0,0.0372314453125,0.0435791015625,6038,0.3685302734375,1
IMG_20180514_170355485_HDR resized_448.jpg,135.0986328125,40.56019516378772,136.5,0.0853271484375,0.11932373046875,6402,0.3907470703125,1
IMG_20180514_170400947 resized_448.jpg,130.39276123046875,48.733117307459,131.0,0.1484375,0.1551513671875,6372,0.388916015625,1
IMG_20180514_170411390_HDR resized_448.jpg,141.5650634765625,40.04350405420747,143.0,0.06634521484375,0.1553955078125,6339,0.38690185546875,1
IMG_20180514_170416728_HDR resized_448.jpg,143.56610107421875,37.95871975003964,146.0,0.05865478515625,0.1383056640625,6199,0.37835693359375,1
IMG_20180514_170423229_HDR resized_448.jpg,144.3790283203125,40.55159100263393,148.0,0.0682373046875,0.16253662109375,6224,0.3798828125,1
IMG_20180514_170638485_HDR resized_448.jpg,131.87310791015625,31.462262698050324,131.0,0.03814697265625,0.06427001953125,6155,0.37567138671875,1
IMG_20180514_170646586_HDR resized_448.jpg,132.3243408203125,26.597353573142932,132.0,0.0179443359375,0.035888671875,6152,0.37548828125,1
IMG_20180514_170703597_HDR resized_448.jpg,129.53900146484375,29.38416483326079,129.0,0.04364013671875,0.03680419921875,6186,0.3775634765625,1
IMG_20180514_170708710_HDR (1) resized_448.jpg,134.18524169921875,29.50685664928517,135.0,0.03692626953125,0.045166015625,6128,0.3740234375,1
IMG_20180514_170708710_HDR resized_448.jpg,134.18524169921875,29.50685664928517,135.0,0.03692626953125,0.045166015625,6128,0.3740234375,1
IMG_8404 resized_448.jpg,172.397216796875,24.052497557180114,173.0,0.0,0.37835693359375,5990,0.3656005859375,1
IMG_8405 resized_448.jpg,127.62127685546875,19.46518361020556,127.0,0.00274658203125,0.00537109375,5904,0.3603515625,1
IMG_8406 resized_448.jpg,128.2174072265625,18.651671855468837,127.0,0.0009765625,0.00726318359375,5678,0.3465576171875,1
IMG_8407 resized_448.jpg,129.09967041015625,22.399719888053188,128.0,0.00714111328125,0.0120849609375,6139,0.37469482421875,1
IMG_8412 resized_448.jpg,149.24383544921875,33.50115224866972,148.0,0.00732421875,0.18402099609375,6139,0.37469482421875,1
IMG_8413 resized_448.jpg,151.26171875,35.38318056878276,151.0,0.0111083984375,0.222412109375,6149,0.37530517578125,1
IMG_8414 resized_448.jpg,154.70501708984375,32.60424364012198,155.0,0.0030517578125,0.22802734375,6068,0.370361328125,1
IMG_8415 resized_448.jpg,152.908203125,36.91452788851806,154.0,0.017333984375,0.24761962890625,6186,0.3775634765625,1
IMG_8416 resized_448.jpg,149.17291259765625,34.29142106639944,149.0,0.01141357421875,0.19140625,6193,0.37799072265625,1
IMG_8417 resized_448.jpg,136.873779296875,45.41963155551562,137.0,0.1171875,0.19268798828125,6058,0.3697509765625,1
IMG_8418 resized_448.jpg,137.31536865234375,43.51654193531065,137.0,0.0992431640625,0.18359375,6069,0.37042236328125,1
IMG_8419 resized_448.jpg,130.32196044921875,47.701911180147384,130.0,0.1685791015625,0.16900634765625,6201,0.37847900390625,1
IMG_8423 resized_448.jpg,133.31744384765625,16.124765272312615,133.0,0.00091552734375,0.003662109375,4535,0.27679443359375,1
IMG_8424 resized_448.jpg,183.010986328125,16.34673360684312,183.0,0.0,0.5775146484375,4942,0.3016357421875,1
IMG_8426 resized_448.jpg,172.05133056640625,28.435574530231644,173.0,0.00115966796875,0.384521484375,5908,0.360595703125,1
IMG_8428 resized_448.jpg,168.27581787109375,29.265608919343435,170.0,0.001708984375,0.35546875,6119,0.37347412109375,1
IMG_8429 resized_448.jpg,123.3094482421875,56.364362421306666,125.0,0.28265380859375,0.1934814453125,6129,0.37408447265625,1
IMG_8430 resized_448.jpg,128.40374755859375,55.60316032918024,133.0,0.249755859375,0.2135009765625,6064,0.3701171875,1
IMG_8431 resized_448.jpg,131.11785888671875,53.87745121495207,138.0,0.21368408203125,0.2088623046875,6071,0.37054443359375,1
IMG_8432 resized_448.jpg,148.92559814453125,44.79167020479362,153.0,0.07666015625,0.27679443359375,6054,0.3695068359375,1
IMG_8433 resized_448.jpg,146.15802001953125,42.44245579133244,149.0,0.0745849609375,0.22808837890625,6139,0.37469482421875,1
IMG_8434 resized_448.jpg,150.9093017578125,41.97216399229436,153.0,0.05950927734375,0.2637939453125,6154,0.3756103515625,1
IMG_8435 resized_448.jpg,147.74896240234375,42.36686298565964,150.0,0.0675048828125,0.23870849609375,6039,0.36859130859375,1
IMG_8436 resized_448.jpg,144.47430419921875,44.431120420220495,145.0,0.08624267578125,0.23089599609375,6072,0.37060546875,1
IMG_8437 resized_448.jpg,140.88177490234375,43.33843103262107,141.0,0.08819580078125,0.197998046875,6014,0.3670654296875,1
IMG_8438 resized_448.jpg,139.6341552734375,47.78394976246388,142.0,0.128662109375,0.2222900390625,6057,0.36968994140625,1
IMG_8439 resized_448.jpg,145.8026123046875,44.35070558569843,148.0,0.0823974609375,0.242919921875,5991,0.36566162109375,1
IMG_8440 resized_448.jpg,145.47406005859375,46.858423485361755,149.0,0.10589599609375,0.25750732421875,6076,0.370849609375,1
IMG_8441 resized_448.jpg,128.400146484375,50.48198394579538,131.0,0.1954345703125,0.1666259765625,6230,0.3802490234375,1
IMG_8442 resized_448.jpg,143.220458984375,47.688030964281495,146.0,0.11572265625,0.24603271484375,6249,0.38140869140625,1
IMG_8443 resized_448.jpg,134.23114013671875,48.63085254101663,136.0,0.16278076171875,0.1873779296875,6234,0.3804931640625,1
IMG_8444 resized_448.jpg,153.76837158203125,42.61605676358115,157.0,0.05877685546875,0.29534912109375,6266,0.3824462890625,1
IMG_8445 resized_448.jpg,150.084228515625,44.13086297241385,154.0,0.07965087890625,0.27069091796875,6193,0.37799072265625,1
IMG_8446 resized_448.jpg,154.50042724609375,43.73560309785479,159.0,0.05267333984375,0.3126220703125,6148,0.375244140625,1
IMG_8447 resized_448.jpg,146.12615966796875,44.74180228081826,148.5,0.0830078125,0.2550048828125,6178,0.3770751953125,1
IMG_8449 resized_448.jpg,124.837890625,44.552030127922194,114.0,0.1414794921875,0.1461181640625,5951,0.36322021484375,1
IMG_8453 resized_448.jpg,154.4200439453125,39.68309927124526,158.0,0.0355224609375,0.2940673828125,6422,0.3919677734375,1
IMG_8455 resized_448.jpg,151.9344482421875,41.12168548856154,156.0,0.050537109375,0.276611328125,6240,0.380859375,1
IMG_8456 resized_448.jpg,154.65032958984375,41.504060285170205,158.0,0.04168701171875,0.30682373046875,6246,0.3812255859375,1
IMG_8462 resized_448.jpg,131.16094970703125,22.452027547475257,131.0,0.01068115234375,0.013671875,5923,0.36151123046875,1
IMG_8463 resized_448.jpg,170.70172119140625,27.114556546714905,171.0,0.00213623046875,0.37689208984375,6001,0.36627197265625,1
IMG_8464 resized_448.jpg,172.7763671875,24.933476689975436,173.0,0.0006103515625,0.39154052734375,5878,0.3587646484375,1
IMG_8465 resized_448.jpg,173.33709716796875,27.58567222810949,175.0,0.0015869140625,0.42236328125,5957,0.36358642578125,1
IMG_8466 resized_448.jpg,170.72052001953125,26.62295196097342,171.0,0.00177001953125,0.37353515625,5938,0.3624267578125,1
IMG_8467 resized_448.jpg,172.84320068359375,25.306698050525444,174.0,0.00103759765625,0.4012451171875,6010,0.3668212890625,1
IMG_8468 resized_448.jpg,164.38812255859375,38.74700162341974,171.0,0.01983642578125,0.3973388671875,5940,0.362548828125,1
IMG_8469 resized_448.jpg,169.01800537109375,20.04065339752126,170.0,0.00018310546875,0.29681396484375,5849,0.35699462890625,1
IMG_8470 resized_448.jpg,170.4500732421875,26.917380238079527,172.0,0.00079345703125,0.3831787109375,6104,0.37255859375,1
IMG_8471 resized_448.jpg,171.5657958984375,27.006865663568984,173.0,0.00054931640625,0.3978271484375,6033,0.36822509765625,1
IMG_8472 resized_448.jpg,170.69781494140625,27.6019847231174,172.0,0.00115966796875,0.38885498046875,6134,0.3743896484375,1
IMG_8473 resized_448.jpg,169.75213623046875,29.090678989654016,171.0,0.00189208984375,0.3800048828125,6170,0.3765869140625,1
IMG_8474 resized_448.jpg,134.88330078125,18.89506201622611,135.0,0.003173828125,0.01123046875,5724,0.349365234375,1
IMG_8475 resized_448.jpg,177.46124267578125,24.11432045475923,179.0,0.000244140625,0.46929931640625,6186,0.3775634765625,1
IMG_8476 resized_448.jpg,176.8897705078125,24.771850712861607,178.0,0.0001220703125,0.4658203125,6153,0.37554931640625,1
IMG_8477 resized_448.jpg,180.5537109375,21.60635646168172,182.0,6.103515625e-05,0.5194091796875,5883,0.35906982421875,1
IMG_8478 resized_448.jpg,189.57763671875,18.94385665490997,190.0,0.0,0.7109375,5808,0.3544921875,1
IMG_8479 resized_448.jpg,181.16680908203125,23.472953797595608,182.0,0.0001220703125,0.53436279296875,6065,0.37017822265625,1
IMG_8480 resized_448.jpg,187.54693603515625,20.68938799298396,189.0,0.0,0.65753173828125,5810,0.3546142578125,1
IMG_8481 resized_448.jpg,181.84820556640625,23.108103898289638,183.0,0.0,0.5439453125,6149,0.37530517578125,1
IMG_8483 resized_448.jpg,180.77703857421875,24.912800221227037,183.0,6.103515625e-05,0.53619384765625,6249,0.38140869140625,1
IMG_8484 resized_448.jpg,181.8524169921875,25.629978965946645,183.0,6.103515625e-05,0.54791259765625,6183,0.37738037109375,1
IMG_8485 resized_448.jpg,183.543701171875,25.165143893105434,185.0,0.0001220703125,0.572021484375,6122,0.3736572265625,1
IMG_8486 resized_448.jpg,175.7091064453125,24.12868535813164,177.0,6.103515625e-05,0.44012451171875,6225,0.37994384765625,1
IMG_8487 resized_448.jpg,172.079833984375,25.903787363571496,173.0,0.0003662109375,0.388427734375,6254,0.3817138671875,1
IMG_8488 resized_448.jpg,183.27294921875,22.800833611348978,184.0,0.0,0.568603515625,6126,0.3739013671875,1
IMG_8489 resized_448.jpg,171.8248291015625,25.071413212438596,172.0,0.000244140625,0.3770751953125,6124,0.373779296875,1
IMG_8490 resized_448.jpg,177.51715087890625,23.97810786987221,178.0,0.0001220703125,0.46502685546875,6081,0.37115478515625,1
IMG_8491 resized_448.jpg,185.27630615234375,19.532697074593493,187.0,0.0,0.6234130859375,5753,0.35113525390625,1
IMG_8493 resized_448.jpg,181.446533203125,23.98479127677984,183.0,0.0,0.545654296875,6061,0.36993408203125,1
IMG_8504 resized_448.jpg,132.599853515625,19.615080469232847,131.0,0.00445556640625,0.0201416015625,5349,0.32647705078125,1
IMG_8505 resized_448.jpg,175.5560302734375,21.273049545743223,174.0,0.0001220703125,0.36505126953125,5843,0.35662841796875,1
IMG_8506 resized_448.jpg,170.50738525390625,22.1460124697334,169.0,0.0,0.2855224609375,5849,0.35699462890625,1
IMG_8507 resized_448.jpg,174.81329345703125,25.29176893231089,174.0,0.00054931640625,0.38433837890625,5948,0.363037109375,1
IMG_8508 resized_448.jpg,169.03619384765625,27.519364117493215,168.0,0.0015869140625,0.31060791015625,6054,0.3695068359375,1
IMG_8509 resized_448.jpg,169.0906982421875,25.17163400724095,169.0,0.0020751953125,0.3096923828125,6015,0.36712646484375,1
IMG_8510 resized_448.jpg,170.55999755859375,26.02972241728843,170.0,0.0028076171875,0.33648681640625,5996,0.365966796875,1
IMG_8511 resized_448.jpg,167.23907470703125,29.641908397084972,167.0,0.00482177734375,0.321044921875,6097,0.37213134765625,1
IMG_8512 resized_448.jpg,171.31512451171875,30.38776297190442,171.0,0.0045166015625,0.37640380859375,6132,0.374267578125,1
IMG_8513 resized_448.jpg,167.5751953125,30.137574527479032,167.0,0.00592041015625,0.32647705078125,6206,0.3787841796875,1
IMG_8514 resized_448.jpg,162.193359375,35.33997603419408,163.0,0.017578125,0.3018798828125,6230,0.3802490234375,1
IMG_8515 resized_448.jpg,156.32659912109375,38.543341770408375,158.0,0.03875732421875,0.26715087890625,6228,0.380126953125,1
IMG_8516 resized_448.jpg,172.01251220703125,34.395113464867094,174.0,0.0155029296875,0.4193115234375,6220,0.379638671875,1
IMG_8517 resized_448.jpg,123.9085693359375,29.512972846104798,119.0,0.0318603515625,0.05914306640625,5868,0.358154296875,1
IMG_8518 resized_448.jpg,181.58868408203125,30.04031018014847,178.0,0.0001220703125,0.4659423828125,5983,0.36517333984375,1
IMG_8519 resized_448.jpg,165.20947265625,29.79092089691037,162.0,0.00091552734375,0.2613525390625,5949,0.36309814453125,1
IMG_8520 resized_448.jpg,174.0523681640625,28.48226544843989,170.0,0.0,0.36041259765625,5830,0.3558349609375,1
IMG_8521 resized_448.jpg,158.9564208984375,32.35567307836594,154.0,0.00335693359375,0.2275390625,5979,0.36492919921875,1
IMG_8522 resized_448.jpg,162.713134765625,32.49842782160961,160.0,0.01226806640625,0.27313232421875,6030,0.3680419921875,1
IMG_8523 resized_448.jpg,160.83404541015625,32.40196844594115,158.0,0.00946044921875,0.25634765625,5926,0.3616943359375,1
IMG_8524 resized_448.jpg,165.96063232421875,33.63224684469984,164.0,0.01019287109375,0.3118896484375,6080,0.37109375,1
IMG_8525 resized_448.jpg,171.7125244140625,33.06071480846815,170.0,0.00726318359375,0.36602783203125,5988,0.365478515625,1
IMG_8526 resized_448.jpg,172.96270751953125,32.256176936820864,171.0,0.00433349609375,0.38494873046875,6059,0.36981201171875,1
IMG_8527 resized_448.jpg,165.5780029296875,31.138980835233234,163.0,0.00469970703125,0.289306640625,6057,0.36968994140625,1
IMG_8528 resized_448.jpg,162.39849853515625,33.23329989433335,160.0,0.00994873046875,0.27587890625,5967,0.36419677734375,1
IMG_8529 resized_448.jpg,172.16015625,25.142785301353566,172.0,0.0052490234375,0.3388671875,5911,0.36077880859375,1
IMG_8530 resized_448.jpg,154.88238525390625,31.640280048644602,152.0,0.01409912109375,0.19830322265625,6041,0.36871337890625,1
IMG_8531 resized_448.jpg,171.5343017578125,31.68883356955232,172.0,0.013427734375,0.3759765625,5989,0.36553955078125,1
IMG_8532 resized_448.jpg,163.74102783203125,32.27588950407872,164.0,0.0147705078125,0.27685546875,6038,0.3685302734375,1
IMG_8533 resized_448.jpg,170.95465087890625,31.069348254779136,172.0,0.01055908203125,0.36700439453125,5942,0.3626708984375,1
IMG_20180705_130729936 resized_448.jpg,157.15924072265625,16.147924484160626,157.0,0.0,0.06988525390625,5038,0.3074951171875,0
IMG_20180705_130731751 resized_448.jpg,157.68304443359375,17.213341812004224,157.0,0.0,0.0848388671875,4737,0.28912353515625,0
IMG_20180705_130732496 resized_448.jpg,159.7320556640625,15.65000289451935,160.0,0.0,0.09039306640625,5041,0.30767822265625,0
IMG_20180705_130732993 resized_448.jpg,159.97381591796875,15.28877260645265,160.0,0.0,0.08538818359375,4802,0.2930908203125,0
IMG_20180705_130733329 resized_448.jpg,166.02142333984375,19.962460925855087,164.0,0.0,0.19287109375,4500,0.274658203125,0
IMG_20180705_130733660 resized_448.jpg,167.16558837890625,19.38756485020237,166.0,0.0,0.2103271484375,4981,0.30401611328125,0
IMG_20180705_130733991 resized_448.jpg,159.4305419921875,16.698894746102233,159.0,0.0,0.09283447265625,4117,0.25128173828125,0
IMG_20180705_130734324 resized_448.jpg,159.11517333984375,17.665020754200107,158.0,0.000244140625,0.09527587890625,3990,0.2435302734375,0
IMG_20180705_130734659 resized_448.jpg,153.719482421875,15.418369546053674,154.0,0.0,0.03704833984375,4564,0.278564453125,0
IMG_20180705_130734991 resized_448.jpg,152.82476806640625,15.908095402525571,153.0,0.0,0.0380859375,5006,0.3055419921875,0
IMG_20180705_130735324 resized_448.jpg,153.02691650390625,15.606729806333908,153.0,0.0,0.0345458984375,4977,0.30377197265625,0
IMG_20180705_130735657 resized_448.jpg,153.820556640625,15.315438247519682,154.0,0.0,0.038330078125,4505,0.27496337890625,0
IMG_20180705_130735989 resized_448.jpg,155.26373291015625,16.87137441176457,155.0,0.0,0.06329345703125,4504,0.27490234375,0
IMG_20180705_130736323 resized_448.jpg,155.132568359375,16.39543181557458,155.0,0.0,0.06158447265625,4779,0.29168701171875,0
IMG_20180705_130736655 resized_448.jpg,152.54510498046875,16.24103694258542,153.0,0.0,0.04010009765625,4918,0.3001708984375,0
IMG_20180705_130736987 resized_448.jpg,150.01641845703125,15.921734281293368,150.0,0.00030517578125,0.02264404296875,4928,0.30078125,0
IMG_20180705_130737319 resized_448.jpg,147.8087158203125,16.398246774477563,148.0,0.0001220703125,0.021484375,5021,0.30645751953125,0
IMG_20180705_130737652 resized_448.jpg,148.2459716796875,16.269520903603514,148.0,0.00018310546875,0.024169921875,4974,0.3035888671875,0
IMG_20180705_130737985 resized_448.jpg,150.93035888671875,16.466766253214296,151.0,0.0001220703125,0.0352783203125,4901,0.29913330078125,0
IMG_20180705_130738321 resized_448.jpg,150.112548828125,16.075567056834657,150.0,6.103515625e-05,0.0264892578125,4957,0.30255126953125,0
IMG_20180705_130738655 resized_448.jpg,151.69085693359375,15.947307013243622,152.0,0.0,0.0311279296875,4743,0.28948974609375,0
IMG_20180705_130738987 resized_448.jpg,153.7252197265625,15.634030474809338,154.0,0.0,0.04180908203125,4586,0.2799072265625,0
IMG_20180705_130739321 resized_448.jpg,155.3663330078125,16.0959784358415,155.0,0.0,0.058349609375,4576,0.279296875,0
IMG_20180705_130739654 resized_448.jpg,156.5623779296875,15.928061408843448,156.0,0.0,0.064697265625,4619,0.28192138671875,0
IMG_20180705_130739987 resized_448.jpg,155.47686767578125,15.522042103648968,155.0,0.0,0.0516357421875,4680,0.28564453125,0
IMG_20180705_130740323 resized_448.jpg,156.204833984375,15.965329901356801,156.0,6.103515625e-05,0.0599365234375,4529,0.27642822265625,0
IMG_20180705_130740656 resized_448.jpg,156.97265625,16.675981639695486,157.0,6.103515625e-05,0.0743408203125,4803,0.29315185546875,0
IMG_20180705_130740989 resized_448.jpg,158.48602294921875,17.147931725270876,158.0,6.103515625e-05,0.09619140625,4764,0.290771484375,0
IMG_20180705_130741322 resized_448.jpg,167.0438232421875,23.969871091610905,164.0,0.0,0.1905517578125,4784,0.2919921875,0
IMG_20180705_130741655 resized_448.jpg,158.68267822265625,15.439680790896542,158.0,0.0,0.07672119140625,4643,0.28338623046875,0
IMG_20180705_130741989 resized_448.jpg,162.851318359375,18.261744755201132,161.0,0.0,0.14569091796875,4172,0.254638671875,0
IMG_20180705_130742323 resized_448.jpg,160.172607421875,15.975502077833147,160.0,0.0,0.1009521484375,4513,0.27545166015625,0
IMG_20180705_130742655 resized_448.jpg,166.19586181640625,23.45629777349183,163.0,0.0,0.21685791015625,4700,0.286865234375,0
IMG_20180705_130742988 resized_448.jpg,165.94622802734375,23.973961535788945,163.0,0.0,0.19708251953125,4965,0.30303955078125,0
IMG_20180705_130743321 resized_448.jpg,160.9208984375,20.196002291736107,159.0,0.0,0.13690185546875,4958,0.3026123046875,0
IMG_20180705_130743653 resized_448.jpg,159.11834716796875,18.305685333520433,158.0,0.0,0.10992431640625,4823,0.29437255859375,0
IMG_20180705_130743987 resized_448.jpg,157.26129150390625,16.868351574930347,157.0,6.103515625e-05,0.0777587890625,4917,0.30010986328125,0
IMG_20180705_130744320 resized_448.jpg,156.9716796875,17.18682679678574,157.0,0.0,0.0819091796875,4893,0.29864501953125,0
IMG_20180705_130744653 resized_448.jpg,157.84710693359375,18.690158417184794,157.0,0.0,0.09625244140625,5264,0.3212890625,0
IMG_20180705_130744988 resized_448.jpg,162.77545166015625,26.4924914815225,159.0,0.0,0.168701171875,4907,0.29949951171875,0
IMG_20180705_130745320 resized_448.jpg,155.74822998046875,16.737738283691705,156.0,0.0,0.06268310546875,5045,0.30792236328125,0
IMG_20180705_130745654 resized_448.jpg,157.23052978515625,16.65240246551904,157.0,0.0,0.07708740234375,4921,0.30035400390625,0
IMG_20180705_130745987 resized_448.jpg,156.5589599609375,17.03831749266396,156.0,0.0,0.07135009765625,5161,0.31500244140625,0
IMG_20180705_130746319 resized_448.jpg,166.3173828125,26.888935805201868,162.0,0.0,0.197998046875,4689,0.28619384765625,0
IMG_20180705_130746652 resized_448.jpg,157.56475830078125,16.5689795908738,158.0,0.0,0.0751953125,5006,0.3055419921875,0
IMG_20180705_130746985 resized_448.jpg,158.356201171875,18.1558990559499,158.0,0.0,0.1094970703125,5223,0.31878662109375,0
IMG_20180705_130747318 resized_448.jpg,158.05780029296875,15.502150381490674,158.0,0.0,0.06524658203125,4995,0.30487060546875,0
IMG_20180705_130747652 resized_448.jpg,159.0113525390625,17.444918701520777,159.0,0.0,0.11029052734375,5241,0.31988525390625,0
IMG_20180705_130747985 resized_448.jpg,160.23199462890625,17.69470919986932,160.0,0.0,0.1094970703125,4945,0.30181884765625,0
IMG_20180705_130748317 resized_448.jpg,159.84271240234375,16.649828128989945,160.0,0.0,0.09930419921875,5187,0.31658935546875,0
IMG_20180705_130748649 resized_448.jpg,159.10198974609375,16.938153266515595,159.0,0.0,0.093505859375,4987,0.30438232421875,0
IMG_8658 resized_448.jpg,152.982666015625,31.27196208457223,155.0,0.01824951171875,0.1878662109375,6042,0.3687744140625,0
IMG_8659 resized_448.jpg,162.01300048828125,31.76858215193646,165.0,0.0123291015625,0.300537109375,6103,0.37249755859375,0
IMG_8660 resized_448.jpg,150.46173095703125,33.676270382088596,152.0,0.02667236328125,0.18463134765625,6110,0.3729248046875,0
IMG_8661 resized_448.jpg,162.89593505859375,32.075725191524334,166.0,0.0086669921875,0.3226318359375,6014,0.3670654296875,0
IMG_8662 resized_448.jpg,158.63006591796875,31.54582328369392,162.0,0.0115966796875,0.2652587890625,6131,0.37420654296875,0
IMG_8663 resized_448.jpg,161.30828857421875,28.858537305971737,164.0,0.0047607421875,0.26690673828125,6003,0.36639404296875,0
IMG_8664 resized_448.jpg,155.18133544921875,27.411543473496486,156.0,0.0054931640625,0.17193603515625,5898,0.3599853515625,0
IMG_8665 resized_448.jpg,157.2513427734375,26.554846060016583,158.0,0.005126953125,0.18359375,5872,0.3583984375,0
IMG_8666 resized_448.jpg,165.59698486328125,24.42561837895014,167.0,0.0015869140625,0.28326416015625,5862,0.3577880859375,0
IMG_8667 resized_448.jpg,164.6832275390625,28.874363695860108,166.0,0.00579833984375,0.30316162109375,6125,0.37384033203125,0
IMG_8668 resized_448.jpg,165.302490234375,23.551220021516034,166.0,0.0010986328125,0.25775146484375,5928,0.36181640625,0
IMG_8669 resized_448.jpg,165.36151123046875,23.174390047287947,168.0,0.0015869140625,0.258544921875,5907,0.36053466796875,0
IMG_8670 resized_448.jpg,164.874755859375,26.192234384073444,168.0,0.00384521484375,0.2867431640625,6136,0.37451171875,0
IMG_8671 resized_448.jpg,162.71661376953125,31.715039074149814,167.0,0.010986328125,0.320556640625,6065,0.37017822265625,0
IMG_8672 resized_448.jpg,155.90203857421875,26.784797948046066,157.0,0.0078125,0.16107177734375,6093,0.37188720703125,0
IMG_8673 resized_448.jpg,167.9063720703125,26.238206957004415,168.0,0.00177001953125,0.32574462890625,6038,0.3685302734375,0
IMG_8674 resized_448.jpg,168.04644775390625,28.064474428187246,169.0,0.0010986328125,0.34857177734375,6029,0.36798095703125,0
IMG_8675 resized_448.jpg,171.553955078125,27.653663702903717,173.0,0.0010986328125,0.396240234375,5919,0.36126708984375,0
IMG_8676 resized_448.jpg,151.75042724609375,34.208628369819415,153.0,0.020263671875,0.2171630859375,6106,0.3726806640625,0
IMG_8677 resized_448.jpg,155.4498291015625,26.758631100071245,157.0,0.00518798828125,0.1600341796875,6128,0.3740234375,0
IMG_8678 resized_448.jpg,154.06390380859375,29.019958039995352,155.0,0.01007080078125,0.1759033203125,6048,0.369140625,0
IMG_8679 resized_448.jpg,151.7540283203125,30.12110031948085,154.0,0.01593017578125,0.16259765625,6026,0.3677978515625,0
IMG_8680 resized_448.jpg,160.59857177734375,27.241519616691473,161.0,0.00433349609375,0.2314453125,5907,0.36053466796875,0
IMG_8681 resized_448.jpg,172.49395751953125,21.297665122268796,173.0,0.00042724609375,0.36322021484375,5779,0.35272216796875,0
IMG_8682 resized_448.jpg,166.131591796875,21.396930407528558,166.0,0.0001220703125,0.2490234375,5654,0.3450927734375,0
IMG_8683 resized_448.jpg,164.2269287109375,21.07972664506029,164.0,6.103515625e-05,0.21435546875,5592,0.34130859375,0
IMG_8684 resized_448.jpg,146.603515625,30.875170440821147,149.0,0.0286865234375,0.11138916015625,6036,0.368408203125,0
IMG_8685 resized_448.jpg,150.54901123046875,27.10895470223309,151.0,0.0050048828125,0.1229248046875,5997,0.36602783203125,0
IMG_8686 resized_448.jpg,145.8902587890625,31.17115706929239,147.0,0.0174560546875,0.134765625,5931,0.36199951171875,0
IMG_8687 resized_448.jpg,154.160888671875,32.06504685899644,156.0,0.0084228515625,0.21710205078125,5958,0.3636474609375,0
IMG_8688 resized_448.jpg,149.28466796875,35.526824967516696,151.0,0.02655029296875,0.2064208984375,5999,0.36614990234375,0
IMG_8689 resized_448.jpg,131.3338623046875,38.564430738545475,132.0,0.102783203125,0.10400390625,6112,0.373046875,0
IMG_8690 resized_448.jpg,149.592041015625,34.10199760080786,152.0,0.02178955078125,0.19329833984375,5933,0.36212158203125,0
IMG_8691 resized_448.jpg,145.15911865234375,34.60930285128743,147.0,0.0341796875,0.15869140625,5955,0.36346435546875,0
IMG_8692 resized_448.jpg,143.7457275390625,35.09582715647059,145.0,0.03802490234375,0.15032958984375,5954,0.3634033203125,0
IMG_8693 resized_448.jpg,139.46124267578125,37.25932155570864,141.0,0.06207275390625,0.1446533203125,5957,0.36358642578125,0
IMG_8694 resized_448.jpg,135.68212890625,37.876397560320406,137.0,0.08258056640625,0.1246337890625,5932,0.362060546875,0
IMG_8695 resized_448.jpg,138.44891357421875,36.76112352305219,140.0,0.06451416015625,0.1275634765625,5999,0.36614990234375,0
IMG_8696 resized_448.jpg,140.94171142578125,36.99321732859987,142.0,0.05419921875,0.15093994140625,5934,0.3621826171875,0
IMG_8697 resized_448.jpg,146.855712890625,37.14306604277834,149.0,0.04144287109375,0.197265625,5899,0.36004638671875,0
IMG_8698 resized_448.jpg,133.7109375,39.24606011898877,134.0,0.09271240234375,0.12664794921875,5976,0.36474609375,0
IMG_8699 resized_448.jpg,133.27740478515625,39.488407950981525,134.0,0.09613037109375,0.12469482421875,5960,0.36376953125,0
IMG_8700 resized_448.jpg,133.99407958984375,38.64972726405016,135.0,0.0927734375,0.12164306640625,5995,0.36590576171875,0
IMG_8701 resized_448.jpg,140.12542724609375,38.48326103414761,141.0,0.0616455078125,0.1624755859375,6004,0.366455078125,0
IMG_8702 resized_448.jpg,132.51220703125,38.200303096342715,132.0,0.08770751953125,0.1102294921875,5958,0.3636474609375,0
IMG_8703 resized_448.jpg,128.6458740234375,37.66501564298724,129.0,0.1044921875,0.0899658203125,5940,0.362548828125,0
IMG_8704 resized_448.jpg,139.8055419921875,41.3165689012374,142.0,0.0848388671875,0.17645263671875,5973,0.36456298828125,0
IMG_8705 resized_448.jpg,148.354248046875,41.2084914442442,150.0,0.05206298828125,0.2406005859375,5995,0.36590576171875,0
IMG_8706 resized_448.jpg,146.26800537109375,33.56731171537045,147.0,0.020263671875,0.1595458984375,5991,0.36566162109375,0
IMG_8707 resized_448.jpg,146.79425048828125,34.07487717572539,148.0,0.023681640625,0.17156982421875,5949,0.36309814453125,0
IMG_8708 resized_448.jpg,145.19097900390625,34.44577003649049,146.0,0.02716064453125,0.16009521484375,5960,0.36376953125,0
IMG_8709 resized_448.jpg,149.17974853515625,33.819125571619274,151.0,0.0198974609375,0.18438720703125,6110,0.3729248046875,0
IMG_8710 resized_448.jpg,146.740478515625,35.821218563588786,148.0,0.031494140625,0.1854248046875,6005,0.36651611328125,0
IMG_8711 resized_448.jpg,146.8460693359375,36.060927468951405,148.0,0.034912109375,0.187744140625,5961,0.36383056640625,0
IMG_8712 resized_448.jpg,147.88165283203125,35.247208310089825,149.0,0.02752685546875,0.18768310546875,6002,0.3663330078125,0
IMG_8713 resized_448.jpg,149.82403564453125,35.26506051446067,151.0,0.0247802734375,0.20654296875,5952,0.36328125,0
IMG_8714 resized_448.jpg,146.47100830078125,35.25925381788271,148.0,0.03265380859375,0.17657470703125,5990,0.3656005859375,0
IMG_8715 resized_448.jpg,147.201416015625,34.902846576844915,148.0,0.028076171875,0.17791748046875,6102,0.3724365234375,0
IMG_8716 resized_448.jpg,147.7576904296875,34.384563682936054,149.0,0.02398681640625,0.18267822265625,5980,0.364990234375,0
IMG_8717 resized_448.jpg,150.56011962890625,34.03268547370447,152.0,0.0181884765625,0.20068359375,5948,0.363037109375,0
IMG_8718 resized_448.jpg,148.50042724609375,34.61302357761668,150.0,0.02679443359375,0.18603515625,6020,0.367431640625,0
IMG_8719 resized_448.jpg,147.37030029296875,35.3344722053814,149.0,0.031494140625,0.184814453125,6000,0.3662109375,0
IMG_8720 resized_448.jpg,149.69451904296875,34.56884095368233,151.0,0.023681640625,0.195556640625,6064,0.3701171875,0
IMG_8721 resized_448.jpg,130.830322265625,39.10569353794464,132.0,0.11285400390625,0.10589599609375,6046,0.3690185546875,0
IMG_8722 resized_448.jpg,155.47906494140625,31.251918709919984,157.0,0.008544921875,0.22222900390625,6074,0.3707275390625,0
IMG_8723 resized_448.jpg,151.41168212890625,31.92812114234422,153.0,0.01434326171875,0.18743896484375,5960,0.36376953125,0
IMG_8724 resized_448.jpg,150.76806640625,31.173346076996854,152.0,0.01153564453125,0.17572021484375,5940,0.362548828125,0
IMG_8725 resized_448.jpg,149.52716064453125,30.996079634835695,150.0,0.01123046875,0.16387939453125,6052,0.369384765625,0
IMG_8726 resized_448.jpg,150.69451904296875,31.591700280290947,151.0,0.01226806640625,0.1822509765625,6062,0.3699951171875,0
IMG_8727 resized_448.jpg,149.36566162109375,31.669872979965366,150.0,0.014404296875,0.17169189453125,5995,0.36590576171875,0
IMG_8728 resized_448.jpg,150.4090576171875,31.669252573822625,151.0,0.0128173828125,0.1805419921875,6079,0.37103271484375,0
IMG_8729 resized_448.jpg,151.53436279296875,31.449568475328828,152.0,0.012451171875,0.1865234375,6028,0.367919921875,0
IMG_8730 resized_448.jpg,151.54693603515625,30.952860677455625,153.0,0.010009765625,0.18048095703125,6008,0.36669921875,0
IMG_8731 resized_448.jpg,151.71466064453125,30.89764936427004,152.0,0.0093994140625,0.18701171875,5971,0.36444091796875,0
IMG_8747 resized_448.jpg,162.5272216796875,28.222199508772654,164.0,0.00177001953125,0.24041748046875,5738,0.3502197265625,0
IMG_8748 resized_448.jpg,147.8331298828125,28.125472844440587,145.0,0.0069580078125,0.11871337890625,6060,0.369873046875,0
IMG_8749 resized_448.jpg,155.9337158203125,24.64032529861539,152.0,0.00018310546875,0.15338134765625,5962,0.3638916015625,0
IMG_8750 resized_448.jpg,159.334228515625,23.625190874115823,156.0,0.0001220703125,0.16619873046875,5937,0.36236572265625,0
IMG_8751 resized_448.jpg,157.06256103515625,23.032183976221976,154.0,0.00042724609375,0.13763427734375,5965,0.36407470703125,0
IMG_8752 resized_448.jpg,155.9033203125,25.046201034111938,153.0,0.00048828125,0.14788818359375,5945,0.36285400390625,0
IMG_8753 resized_448.jpg,157.9287109375,26.62481057184737,155.0,0.000732421875,0.1689453125,6011,0.36688232421875,0
IMG_8754 resized_448.jpg,161.98052978515625,24.279471245026684,159.0,0.00018310546875,0.1866455078125,6006,0.3665771484375,0
IMG_8755 resized_448.jpg,149.6583251953125,27.071821188617267,146.0,0.0020751953125,0.12188720703125,6029,0.36798095703125,0
IMG_8756 resized_448.jpg,150.9521484375,26.82475827509036,147.0,0.001220703125,0.12957763671875,5959,0.36370849609375,0
IMG_8757 resized_448.jpg,150.2874755859375,27.93495250854523,146.0,0.0018310546875,0.128662109375,6084,0.371337890625,0
IMG_8758 resized_448.jpg,155.19189453125,25.29514340747056,152.0,0.00030517578125,0.14154052734375,5967,0.36419677734375,0
IMG_8759 resized_448.jpg,169.0699462890625,20.618337349449614,166.0,0.0,0.25238037109375,5748,0.350830078125,0
IMG_8760 resized_448.jpg,169.362060546875,19.836105590865337,167.0,0.0,0.24298095703125,5642,0.3443603515625,0
IMG_8761 resized_448.jpg,168.7589111328125,21.14778336829875,165.0,0.0,0.24041748046875,5850,0.3570556640625,0
IMG_8762 resized_448.jpg,166.0675048828125,20.57385250647005,162.0,0.0,0.2073974609375,5689,0.34722900390625,0
IMG_8763 resized_448.jpg,173.29144287109375,20.433293718958584,170.0,0.0,0.30517578125,5707,0.34832763671875,0
IMG_8764 resized_448.jpg,174.493408203125,18.157378286407813,172.0,0.0,0.315185546875,5265,0.32135009765625,0
IMG_8765 resized_448.jpg,170.54132080078125,18.03136174720618,168.0,0.0,0.23980712890625,5258,0.3209228515625,0
IMG_8766 resized_448.jpg,172.80609130859375,19.102112006550566,170.0,0.0,0.2816162109375,5306,0.3238525390625,0
IMG_8767 resized_448.jpg,170.00030517578125,20.27414798621693,166.0,0.0,0.24462890625,5586,0.3409423828125,0
IMG_8768 resized_448.jpg,133.534912109375,31.52662335809798,129.0,0.0242919921875,0.08447265625,6055,0.36956787109375,0
IMG_8769 resized_448.jpg,131.65106201171875,29.89417382218152,126.0,0.009521484375,0.07806396484375,5994,0.3658447265625,0
IMG_8770 resized_448.jpg,142.8092041015625,28.103059554079508,139.0,0.0030517578125,0.09893798828125,6093,0.37188720703125,0
IMG_8771 resized_448.jpg,151.32586669921875,26.58307015752336,148.0,0.00042724609375,0.13720703125,6193,0.37799072265625,0
IMG_8772 resized_448.jpg,158.10369873046875,29.20667867274248,156.0,0.00042724609375,0.2164306640625,6072,0.37060546875,0
IMG_8773 resized_448.jpg,168.8377685546875,27.912533837256056,166.0,0.0,0.32379150390625,5987,0.36541748046875,0
IMG_8774 resized_448.jpg,167.8436279296875,22.20869280387471,165.0,0.0,0.25177001953125,5740,0.350341796875,0
IMG_8775 resized_448.jpg,170.777587890625,20.960213208276674,169.0,0.0,0.279541015625,5718,0.3489990234375,0
IMG_8776 resized_448.jpg,169.5799560546875,23.168702446294738,167.0,0.0003662109375,0.27685546875,5930,0.3619384765625,0
IMG_8777 resized_448.jpg,167.104736328125,21.11443758752547,167.0,0.00030517578125,0.2347412109375,5754,0.3511962890625,0
IMG_8778 resized_448.jpg,165.1109619140625,20.232830948629385,165.0,6.103515625e-05,0.19439697265625,5867,0.35809326171875,0
IMG_8779 resized_448.jpg,129.5260009765625,19.253495211401688,129.0,0.00372314453125,0.0177001953125,5558,0.3392333984375,0
IMG_8781 resized_448.jpg,171.68304443359375,20.54340668467362,171.0,0.0,0.312744140625,5601,0.34185791015625,0
IMG_8784 resized_448.jpg,151.70343017578125,33.68858341183841,147.5,0.00335693359375,0.202880859375,6134,0.3743896484375,0
IMG_8785 resized_448.jpg,156.700439453125,29.075041141587505,154.0,0.001708984375,0.20025634765625,6098,0.3721923828125,0
IMG_8786 resized_448.jpg,155.9427490234375,27.94162692640557,154.0,0.00494384765625,0.181884765625,6075,0.37078857421875,0
IMG_8787 resized_448.jpg,159.5006103515625,18.899979580494154,159.0,0.0,0.11468505859375,5734,0.3499755859375,0
IMG_8788 resized_448.jpg,160.84393310546875,18.923752127664194,160.0,0.0,0.12890625,5706,0.3482666015625,0
IMG_8789 resized_448.jpg,167.2957763671875,19.524190392465403,167.0,0.0,0.22381591796875,5715,0.34881591796875,0
IMG_8790 resized_448.jpg,172.902099609375,18.816657178907082,173.0,0.0,0.33465576171875,5406,0.3299560546875,0
IMG_8791 resized_448.jpg,172.06005859375,18.784757664244147,172.0,0.0,0.2965087890625,5454,0.3328857421875,0
IMG_8792 resized_448.jpg,167.6160888671875,18.820663068442958,167.0,0.0,0.22088623046875,5406,0.3299560546875,0
IMG_8793 resized_448.jpg,169.8302001953125,20.79345508739807,170.0,6.103515625e-05,0.28564453125,5182,0.3162841796875,0
IMG_8794 resized_448.jpg,177.1859130859375,15.619174126277523,176.0,0.0,0.39019775390625,4709,0.28741455078125,0
IMG_8795 resized_448.jpg,180.845947265625,15.257928848799617,180.0,0.0,0.48712158203125,4752,0.2900390625,0
IMG_8796 resized_448.jpg,169.7930908203125,16.290882650632334,168.0,0.0,0.2178955078125,5246,0.3201904296875,0
IMG_8798 resized_448.jpg,168.86029052734375,18.71325045238584,169.0,0.0,0.2667236328125,5325,0.32501220703125,0
IMG_8799 resized_448.jpg,162.7515869140625,19.35381742567981,162.0,0.0,0.16827392578125,5620,0.343017578125,0
IMG_8800 resized_448.jpg,161.573974609375,19.220976660221844,161.0,6.103515625e-05,0.15753173828125,5563,0.33953857421875,0
IMG_8801 resized_448.jpg,166.06640625,17.338709413223665,165.0,0.0,0.1917724609375,5053,0.30841064453125,0
IMG_8802 resized_448.jpg,167.42681884765625,18.644563995686628,167.0,0.0,0.21923828125,5435,0.33172607421875,0
IMG_8803 resized_448.jpg,164.673583984375,18.974872762017235,164.0,0.0,0.18603515625,5662,0.3455810546875,0
IMG_8804 resized_448.jpg,165.33984375,17.591608977603453,164.0,0.0,0.177978515625,5294,0.3231201171875,0
IMG_8805 resized_448.jpg,172.88873291015625,17.466164556155036,172.0,0.0,0.313720703125,5202,0.3175048828125,0
IMG_8806 resized_448.jpg,171.904052734375,17.858327784836312,172.0,0.0,0.310546875,5337,0.32574462890625,0
IMG_8807 resized_448.jpg,170.880859375,17.9257594374663,170.0,0.0,0.285888671875,5271,0.32171630859375,0
IMG_8808 resized_448.jpg,169.984619140625,19.474755989512165,170.0,0.0,0.29229736328125,5490,0.3350830078125,0
IMG_8809 resized_448.jpg,166.256103515625,18.766040322553984,166.0,0.0,0.2197265625,5371,0.32781982421875,0
IMG_8810 resized_448.jpg,163.88604736328125,18.954329765184685,164.0,0.0,0.1849365234375,5412,0.330322265625,0
IMG_8811 resized_448.jpg,165.7061767578125,19.066193825824623,165.0,0.0,0.2117919921875,5410,0.3302001953125,0
IMG_8812 resized_448.jpg,173.81103515625,18.708236308225022,174.0,0.0,0.35430908203125,5494,0.3353271484375,0
IMG_8813 resized_448.jpg,172.40521240234375,18.634718513069377,173.0,0.0,0.33197021484375,5634,0.3438720703125,0
IMG_8814 resized_448.jpg,173.36822509765625,17.768465132040802,173.0,0.0,0.33538818359375,5360,0.3271484375,0
IMG_8815 resized_448.jpg,160.53460693359375,18.701343733493385,161.0,0.0001220703125,0.12762451171875,5659,0.34539794921875,0
IMG_8816 resized_448.jpg,160.3702392578125,18.357925688576227,160.0,0.0,0.120361328125,5706,0.3482666015625,0
IMG_8817 resized_448.jpg,161.05157470703125,18.46462421425937,161.0,6.103515625e-05,0.12939453125,5816,0.35498046875,0
IMG_8818 resized_448.jpg,174.11968994140625,16.459490043786897,174.0,0.0,0.3272705078125,5530,0.3375244140625,0
IMG_8819 resized_448.jpg,177.00677490234375,16.709328989881804,177.0,0.0,0.399169921875,5422,0.3309326171875,0
IMG_8820 resized_448.jpg,170.00396728515625,17.6949257375753,169.0,0.0,0.24951171875,5519,0.33685302734375,0
IMG_8821 resized_448.jpg,170.1456298828125,17.648329471884004,170.0,0.0,0.2532958984375,5486,0.3348388671875,0
IMG_8822 resized_448.jpg,170.86627197265625,17.10808357335748,170.0,0.0,0.26171875,5601,0.34185791015625,0
IMG_8823 resized_448.jpg,170.8369140625,17.604927889224715,170.0,0.0,0.26348876953125,5539,0.33807373046875,0
IMG_8824 resized_448.jpg,167.0125732421875,17.482031459325054,167.0,0.0,0.19403076171875,5529,0.33746337890625,0
IMG_8825 resized_448.jpg,165.13671875,17.661648355457537,165.0,0.0,0.170166015625,5508,0.336181640625,0
